{
    "Dummy Classifier": {
        "Accuracy": 0.26262626262626265,
        "F1 Score": 0.10925252525252524,
        "confusion_matrix": [
            [
                0,
                0,
                24,
                0
            ],
            [
                0,
                0,
                24,
                0
            ],
            [
                0,
                0,
                26,
                0
            ],
            [
                0,
                0,
                25,
                0
            ]
        ]
    },
    "tfidf + logreg": {
        "Accuracy": 0.9494949494949495,
        "F1 Score": 0.9499376443752823,
        "confusion_matrix": [
            [
                20,
                4,
                0,
                0
            ],
            [
                0,
                24,
                0,
                0
            ],
            [
                0,
                0,
                26,
                0
            ],
            [
                0,
                1,
                0,
                24
            ]
        ]
    }
}